{"cameraMode":{"drawMode":0,"name":"Shaded","section":"Shading Mode"},"sceneLighting":false,"audioPlay":false,"sceneViewState":{"m_AlwaysRefresh":false,"showFog":true,"showSkybox":false,"showFlares":true,"showImageEffects":true,"showParticleSystems":true,"showVisualEffectGraphs":true,"m_FxEnabled":true},"in2DMode":false,"pivot":{"x":-0.005874514579772949,"y":1.1757428646087647,"z":-0.0154571533203125},"rotation":{"x":-0.061982572078704837,"y":0.38347262144088747,"z":0.025803687050938607,"w":0.9211024641990662},"size":1.094653844833374,"orthographic":false}