{"cameraMode":{"drawMode":0,"name":"Shaded","section":"Shading Mode"},"sceneLighting":false,"audioPlay":false,"sceneViewState":{"m_AlwaysRefresh":false,"showFog":true,"showSkybox":false,"showFlares":true,"showImageEffects":true,"showParticleSystems":true,"showVisualEffectGraphs":true,"m_FxEnabled":true},"in2DMode":false,"pivot":{"x":1.2943536043167115,"y":0.19795747101306916,"z":-0.21087335050106049},"rotation":{"x":0.047244537621736529,"y":0.7861133217811585,"z":-0.060456160455942157,"w":0.6131640076637268},"size":1.1753075122833253,"orthographic":false}