{"cameraMode":{"drawMode":0,"name":"Shaded","section":"Shading Mode"},"sceneLighting":false,"audioPlay":false,"sceneViewState":{"m_AlwaysRefresh":false,"showFog":false,"showSkybox":false,"showFlares":false,"showImageEffects":false,"showParticleSystems":false,"showVisualEffectGraphs":true,"m_FxEnabled":true},"in2DMode":false,"pivot":{"x":-0.021880269050598146,"y":0.8613709211349487,"z":0.015667080879211427},"rotation":{"x":-0.05534154921770096,"y":0.12488008290529251,"z":-0.006966171320527792,"w":-0.9905440807342529},"size":1.0991007089614869,"orthographic":false}