{"cameraMode":{"drawMode":0,"name":"Shaded","section":"Shading Mode"},"sceneLighting":false,"audioPlay":false,"sceneViewState":{"m_AlwaysRefresh":false,"showFog":true,"showSkybox":false,"showFlares":true,"showImageEffects":true,"showParticleSystems":true,"showVisualEffectGraphs":true,"m_FxEnabled":true},"in2DMode":false,"pivot":{"x":0.29411983489990237,"y":0.22214917838573457,"z":-2.1348252296447756},"rotation":{"x":0.01852588541805744,"y":-0.9922340512275696,"z":0.00873549934476614,"w":-0.12213451415300369},"size":1.8356513977050782,"orthographic":false}