{"cameraMode":{"drawMode":0,"name":"Shaded","section":"Shading Mode"},"sceneLighting":false,"audioPlay":false,"sceneViewState":{"m_AlwaysRefresh":false,"showFog":true,"showSkybox":false,"showFlares":true,"showImageEffects":true,"showParticleSystems":true,"showVisualEffectGraphs":true,"m_FxEnabled":true},"in2DMode":false,"pivot":{"x":-5.960464477539063e-8,"y":0.8300771713256836,"z":-0.00465083122253418},"rotation":{"x":-0.00362342013977468,"y":-0.9961592555046082,"z":0.048149462789297107,"w":-0.07154333591461182},"size":1.3923779726028443,"orthographic":false}